path,role,sha256,source_locator,vault_path,status
knowledge/source/00-INDICE-SOCIETARIO.md,source,ff79795ead839501f7a1e8f6050a3b9bd2a4694cffc1f2d49e27958d4fcd6ea8,central:09_DCCEO_AGENTES/knowledge/societario/00-INDICE-SOCIETARIO.md,knowledge/societario/source/2026-08-07/00-INDICE-SOCIETARIO.md,prepared_in_vault_not_configured_externally
knowledge/source/01-REGRAS-DE-USO-E-LIMITES.md,source,e451e62689e196f76530ab9bdbf9ace0aa8f7897788ca75c431a1bcbbbf3f6ab,central:09_DCCEO_AGENTES/knowledge/societario/01-REGRAS-DE-USO-E-LIMITES.md,knowledge/societario/source/2026-08-07/01-REGRAS-DE-USO-E-LIMITES.md,prepared_in_vault_not_configured_externally
knowledge/source/02-ESCOPO-E-ROTEAMENTO.md,source,88d5a13fad2ab01a3dfb12cb5812e60b3e7ad1a553503d3295cde0752019c89d,central:09_DCCEO_AGENTES/knowledge/societario/02-ESCOPO-E-ROTEAMENTO.md,knowledge/societario/source/2026-08-07/02-ESCOPO-E-ROTEAMENTO.md,prepared_in_vault_not_configured_externally
knowledge/source/03-FONTES-CANONICAS.md,source,3e5444002203cf87fe20ed125f4ca073aebc23a168a3f525ccc79a77590ab984,central:09_DCCEO_AGENTES/knowledge/societario/03-FONTES-CANONICAS.md,knowledge/societario/source/2026-08-07/03-FONTES-CANONICAS.md,prepared_in_vault_not_configured_externally
knowledge/source/04-SKILLS-E-CENARIOS-DE-USO.md,source,01c50c2abba455e22665924ce7c4457d74a434382514a28220479f0f617b1591,central:09_DCCEO_AGENTES/knowledge/societario/04-SKILLS-E-CENARIOS-DE-USO.md,knowledge/societario/source/2026-08-07/04-SKILLS-E-CENARIOS-DE-USO.md,prepared_in_vault_not_configured_externally
knowledge/source/05-PERGUNTAS-TESTE-E-RESPOSTAS-ESPERADAS.md,source,1e24be38f61a59b25c40705dc3b035732c6a978601f0789e04d81609252c827b,central:09_DCCEO_AGENTES/knowledge/societario/05-PERGUNTAS-TESTE-E-RESPOSTAS-ESPERADAS.md,knowledge/societario/source/2026-08-07/05-PERGUNTAS-TESTE-E-RESPOSTAS-ESPERADAS.md,prepared_in_vault_not_configured_externally
knowledge/source/06-GUARDRAILS-E-CLAIMS-BLOQUEADOS.md,source,9bbe47d27b015a2a996aa23c0c465f7f46e3776c527deb7bad5d3d3340fa9942,central:09_DCCEO_AGENTES/knowledge/societario/06-GUARDRAILS-E-CLAIMS-BLOQUEADOS.md,knowledge/societario/source/2026-08-07/06-GUARDRAILS-E-CLAIMS-BLOQUEADOS.md,prepared_in_vault_not_configured_externally
knowledge/source/07-MODELOS-DE-RESPOSTA-E-CHECKLISTS.md,source,3f96e0e69f577d4f44a91f24225100bfb6b9bcb326b351152b92ec8287ad9011,central:09_DCCEO_AGENTES/knowledge/societario/07-MODELOS-DE-RESPOSTA-E-CHECKLISTS.md,knowledge/societario/source/2026-08-07/07-MODELOS-DE-RESPOSTA-E-CHECKLISTS.md,prepared_in_vault_not_configured_externally
knowledge/source/08-LACUNAS-E-ROADMAP.md,source,75b48f65e8a11cd805c92e23f3678e58c28befb9da11f7e53cb0cf8cae47c740,central:09_DCCEO_AGENTES/knowledge/societario/08-LACUNAS-E-ROADMAP.md,knowledge/societario/source/2026-08-07/08-LACUNAS-E-ROADMAP.md,prepared_in_vault_not_configured_externally
knowledge/source/99-FONTES-LACUNAS-E-CONTROLE-DE-VERSAO.md,source,0cb57a6b2f9cc0d772e6cb08990e1546e9d54d1d1eafe2755cb95fc860af2f84,central:09_DCCEO_AGENTES/knowledge/societario/99-FONTES-LACUNAS-E-CONTROLE-DE-VERSAO.md,knowledge/societario/source/2026-08-07/99-FONTES-LACUNAS-E-CONTROLE-DE-VERSAO.md,prepared_in_vault_not_configured_externally
knowledge/upload/00-INDICE-SOCIETARIO.md,upload_active,ff79795ead839501f7a1e8f6050a3b9bd2a4694cffc1f2d49e27958d4fcd6ea8,central:09_DCCEO_AGENTES/knowledge/societario/00-INDICE-SOCIETARIO.md,knowledge/societario/upload-active/2026-08-07/00-INDICE-SOCIETARIO.md,prepared_in_vault_not_configured_externally
knowledge/upload/01-REGRAS-DE-USO-E-LIMITES.md,upload_active,e451e62689e196f76530ab9bdbf9ace0aa8f7897788ca75c431a1bcbbbf3f6ab,central:09_DCCEO_AGENTES/knowledge/societario/01-REGRAS-DE-USO-E-LIMITES.md,knowledge/societario/upload-active/2026-08-07/01-REGRAS-DE-USO-E-LIMITES.md,prepared_in_vault_not_configured_externally
knowledge/upload/02-ESCOPO-E-ROTEAMENTO.md,upload_active,88d5a13fad2ab01a3dfb12cb5812e60b3e7ad1a553503d3295cde0752019c89d,central:09_DCCEO_AGENTES/knowledge/societario/02-ESCOPO-E-ROTEAMENTO.md,knowledge/societario/upload-active/2026-08-07/02-ESCOPO-E-ROTEAMENTO.md,prepared_in_vault_not_configured_externally
knowledge/upload/03-FONTES-CANONICAS.md,upload_active,3e5444002203cf87fe20ed125f4ca073aebc23a168a3f525ccc79a77590ab984,central:09_DCCEO_AGENTES/knowledge/societario/03-FONTES-CANONICAS.md,knowledge/societario/upload-active/2026-08-07/03-FONTES-CANONICAS.md,prepared_in_vault_not_configured_externally
knowledge/upload/04-SKILLS-E-CENARIOS-DE-USO.md,upload_active,01c50c2abba455e22665924ce7c4457d74a434382514a28220479f0f617b1591,central:09_DCCEO_AGENTES/knowledge/societario/04-SKILLS-E-CENARIOS-DE-USO.md,knowledge/societario/upload-active/2026-08-07/04-SKILLS-E-CENARIOS-DE-USO.md,prepared_in_vault_not_configured_externally
knowledge/upload/05-PERGUNTAS-TESTE-E-RESPOSTAS-ESPERADAS.md,upload_active,1e24be38f61a59b25c40705dc3b035732c6a978601f0789e04d81609252c827b,central:09_DCCEO_AGENTES/knowledge/societario/05-PERGUNTAS-TESTE-E-RESPOSTAS-ESPERADAS.md,knowledge/societario/upload-active/2026-08-07/05-PERGUNTAS-TESTE-E-RESPOSTAS-ESPERADAS.md,prepared_in_vault_not_configured_externally
knowledge/upload/06-GUARDRAILS-E-CLAIMS-BLOQUEADOS.md,upload_active,9bbe47d27b015a2a996aa23c0c465f7f46e3776c527deb7bad5d3d3340fa9942,central:09_DCCEO_AGENTES/knowledge/societario/06-GUARDRAILS-E-CLAIMS-BLOQUEADOS.md,knowledge/societario/upload-active/2026-08-07/06-GUARDRAILS-E-CLAIMS-BLOQUEADOS.md,prepared_in_vault_not_configured_externally
knowledge/upload/07-MODELOS-DE-RESPOSTA-E-CHECKLISTS.md,upload_active,3f96e0e69f577d4f44a91f24225100bfb6b9bcb326b351152b92ec8287ad9011,central:09_DCCEO_AGENTES/knowledge/societario/07-MODELOS-DE-RESPOSTA-E-CHECKLISTS.md,knowledge/societario/upload-active/2026-08-07/07-MODELOS-DE-RESPOSTA-E-CHECKLISTS.md,prepared_in_vault_not_configured_externally
knowledge/upload/08-LACUNAS-E-ROADMAP.md,upload_active,75b48f65e8a11cd805c92e23f3678e58c28befb9da11f7e53cb0cf8cae47c740,central:09_DCCEO_AGENTES/knowledge/societario/08-LACUNAS-E-ROADMAP.md,knowledge/societario/upload-active/2026-08-07/08-LACUNAS-E-ROADMAP.md,prepared_in_vault_not_configured_externally
knowledge/upload/99-FONTES-LACUNAS-E-CONTROLE-DE-VERSAO.md,upload_active,0cb57a6b2f9cc0d772e6cb08990e1546e9d54d1d1eafe2755cb95fc860af2f84,central:09_DCCEO_AGENTES/knowledge/societario/99-FONTES-LACUNAS-E-CONTROLE-DE-VERSAO.md,knowledge/societario/upload-active/2026-08-07/99-FONTES-LACUNAS-E-CONTROLE-DE-VERSAO.md,prepared_in_vault_not_configured_externally
